Date, Sessions, Duration, Crops
2011-12-12,5,57,Castor Other Wheat 
2011-11-28,116,30,Castor Onion Cumin Other Wheat Cotton 
2011-12-23,3,40,Sesame 
2011-10-24,283,55,Groundnut Chilli Castor Onion Cumin Other Wheat Cotton 
2011-11-05,192,50,Groundnut Chilli Wheat Onion Cumin Other Cotton 
2011-09-16,128,41,Chilli Wheat Cumin Other Brinjal Cotton 
2012-06-27,1,30,Cotton 
2011-10-07,213,49,Chilli Wheat Cumin Other Brinjal Cotton 
2011-08-28,521,30,Groundnut Chilli Wheat Other Brinjal Castor Cotton 
2012-03-05,5,44,Sesame Groundnut Other 
2011-09-09,319,35,Other Castor Brinjal Cumin Cotton 
2012-04-19,2,35,Other Cotton 
2012-08-29,4,29,Other Cotton 
2012-01-01,1,15,Cumin 
2011-12-04,24,63,Wheat Cumin Cotton 
2012-07-29,17,36,Castor Other Sorghum Onion Cotton 
2011-11-20,6,58,Brinjal Cumin 
2012-06-10,11,38,Other Cotton 
2011-10-16,433,46,Castor Other Garlic Cumin Cotton 
2012-05-17,5,39,Other Castor 
2011-09-24,435,47,Castor Other Wheat Brinjal Cotton 
2011-08-20,3,23,Other Cotton 
2012-03-13,7,9,Wheat Cumin Cotton 
2012-04-27,5,35,Groundnut Other Cotton 
2012-08-10,5,37,Cotton 
2012-01-09,2,51,Cumin 
2012-07-14,16,39,Other Brinjal Cotton 
2011-12-28,8,46,Sorghum Other Castor Cotton 
2012-07-21,14,30,Other Cotton 
2012-05-14,19,60,Castor Millet Other Brinjal Sorghum Cotton 
2011-11-12,30,47,Other Cotton 
2012-06-02,18,30,Other Cumin Cotton 
2011-10-08,275,45,Chilli Other Brinjal Cumin Cotton 
2012-05-25,8,64,Other Cotton 
2012-08-22,49,26,Chilli Other Wheat Cumin Cotton 
2012-08-16,11,36,Other 
2012-08-11,52,49,Chilli Other Castor Brinjal Cotton 
2012-02-26,16,34,Castor Groundnut Other Cumin 
2011-12-13,4,32,Other Castor 
2011-11-27,56,42,Chilli Other Brinjal Onion Cotton 
2011-10-25,246,33,Chilli Wheat Onion Cumin Other Cotton 
2011-11-04,161,37,Chilli Wheat Onion Cumin Other Garlic Cotton 
2011-09-19,144,46,Chilli Other Castor Brinjal Cotton 
2012-06-26,7,60,Chilli Other Castor Brinjal Cotton 
2011-08-29,496,32,Groundnut Chilli Wheat Onion Cumin Other Brinjal Castor Cotton 
2012-03-06,3,65,Other Cotton 
2011-09-08,320,32,Chilli Castor Cumin Other Brinjal Wheat Cotton 
2012-08-08,39,24,Groundnut Other Wheat Brinjal Cotton 
2012-04-18,11,67,Sorghum Other Castor Cotton 
2012-01-06,2,33,Other Millet 
2012-08-25,10,55,Chilli Cotton 
2011-12-05,98,51,Castor Other Wheat Cumin Cotton 
2012-07-30,6,30,Other Cotton 
2012-05-07,1,91,Cotton 
2011-11-19,131,43,Chilli Wheat Cumin Other Brinjal Cotton 
2012-06-09,18,54,Other Cotton 
2011-10-17,280,57,Other Cumin Cotton 
2012-05-30,51,46,Groundnut Other Paddy Cotton 
2011-09-27,3143,3,Groundnut Chilli Castor Tobacco Onion Maize Mustard Cumin Millet Sesame Other Garlic Gram Wheat Paddy Sorghum Brinjal Cotton 
2011-08-21,7,23,Other Cotton 
2012-01-14,3,58,Other Cumin 
2012-07-15,20,26,Other Cotton 
2011-12-29,11,41,Castor Wheat Mustard Cumin 
2012-07-22,32,23,Chilli Other Brinjal Cotton 
2012-05-15,2,10,Other Cumin 
2011-11-11,127,41,Other Castor Brinjal Onion Cotton 
2012-06-01,25,8,Chilli Other Cotton 
2011-10-09,2640,4,Chilli Castor Mustard Tobacco Maize Sorghum Cumin Millet Sesame Gram Groundnut Onion Brinjal Garlic Wheat Paddy Other Cotton 
2011-08-26,395,37,Groundnut Chilli Castor Cumin Other Brinjal Wheat Cotton Paddy 
2011-09-03,405,27,Sorghum Chilli Other Castor Cotton 
2012-08-18,108,37,Other Cumin Cotton 
2012-02-25,65,24,Wheat Cumin Millet Sesame Groundnut Brinjal Other Cotton 
2011-12-10,51,31,Castor Other Wheat Cumin Cotton 
2012-07-07,16,47,Other Castor Cumin Cotton 
2011-11-26,52,25,Other Wheat Cumin Brinjal 
2011-10-26,143,39,Maize Other Brinjal Cumin Cotton 
2012-05-23,3,18,Other Cotton 
2011-11-03,124,37,Maize Wheat Onion Cumin Other Cotton 
2011-09-18,130,48,Chilli Castor Cumin Other Brinjal Cotton 
2012-06-25,18,59,Other Cotton 
2011-10-01,78,31,Chilli Other Brinjal Cotton 
2012-03-07,10,32,Sesame Other Brinjal Cotton 
2011-09-11,266,41,Chilli Castor Cumin Groundnut Brinjal Other Cotton 
2012-04-21,44,53,Wheat Other Castor Chilli Cotton 
2012-01-07,2,33,Maize Other 
2012-07-08,21,56,Groundnut Millet Other Castor Cotton 
2011-12-02,134,35,Other Wheat Brinjal Cotton 
2012-07-31,24,26,Other Sorghum Brinjal Cotton 
2012-05-04,23,55,Other Millet Castor Groundnut Cotton 
2011-11-18,109,32,Wheat Onion Cumin Other Brinjal Cotton 
2012-06-08,45,66,Groundnut Millet Other Castor Cotton 
2011-10-18,167,49,Other Castor Cotton 
2012-05-31,51,17,Chilli Groundnut Other Cotton 
2012-03-16,2,22,Other Onion 
2011-09-26,422,42,Chilli Other Brinjal Cotton 
2012-08-01,15,32,Other Brinjal Cotton 
2012-01-15,6,66,Other Cumin 
2011-12-26,69,39,Wheat Onion Cumin Sesame Other Castor Cotton 
2012-07-23,3,57,Cotton 
2011-11-10,264,46,Other Castor Cumin Onion Cotton 
2011-09-21,162,49,Chilli Other Castor Cotton 
2011-10-10,183,44,Chilli Other Cumin Cotton 
2011-08-27,601,30,Groundnut Chilli Wheat Other Brinjal Castor Cotton 
2011-09-02,407,31,Groundnut Other Cumin Cotton 
2012-02-24,23,51,Wheat Cumin Groundnut Brinjal Other Cotton 
2011-12-11,34,45,Other Wheat Cumin Cotton 
2012-07-24,1,17,Groundnut 
2011-11-25,42,55,Other Cumin Cotton 
2011-12-18,16,43,Cotton Other Brinjal Cumin 
2011-10-27,114,39,Other Cumin Onion Cotton 
2012-05-20,17,29,Wheat 
2011-11-02,100,45,Wheat Onion Cumin Other Garlic Cotton 
2011-09-29,272,42,Wheat Onion Cumin Other Brinjal Castor Sorghum Cotton 
2012-06-24,2,92,Cotton 
2011-10-02,161,49,Chilli Onion Cumin Other Brinjal Cotton 
2011-08-19,2,53,Cotton 
2011-09-10,297,36,Chilli Other Castor Brinjal Cotton 
2012-04-20,5,61,Other Castor Cotton 
2012-02-23,1,20,Cotton 
2012-01-04,12,36,Millet Other Wheat Cumin Cotton 
2012-07-09,22,39,Other Wheat Cotton 
2011-12-03,30,63,Chilli Other Wheat Cumin Cotton 
2012-07-16,23,57,Other Castor Cotton 
2011-11-17,171,41,Other Wheat Cumin Onion Cotton 
2012-06-15,3,21,Brinjal Cotton 
2011-10-19,264,49,Other Brinjal Cumin Cotton 
2012-03-17,31,19,Other Millet Castor Onion Cotton 
2011-09-05,136,33,Other Castor Brinjal Cumin Cotton 
2012-06-16,7,47,Groundnut Castor Cotton 
2012-08-19,34,28,Chilli Other Cumin Cotton 
2012-04-28,32,41,Groundnut Other Wheat Cumin Cotton 
2012-08-13,8,63,Chilli Other Castor Brinjal Cotton 
2012-08-05,15,34,Other Cotton 
2011-12-27,12,55,Wheat Other Castor Cumin 
2011-10-28,65,41,Gram Other Brinjal Cumin Cotton 
2012-05-13,4,104,Cotton 
2011-11-09,172,49,Chilli Other Cumin Onion Cotton 
2011-09-20,241,44,Chilli Castor Maize Cumin Other Brinjal Cotton 
2012-06-07,16,63,Castor Cotton 
2011-10-11,141,53,Other Cumin Cotton 
2011-08-24,339,22,Groundnut Chilli Wheat Other Brinjal Castor Cotton 
2011-09-13,490,46,Chilli Castor Cumin Groundnut Other Cotton 
2011-12-08,16,48,Other Wheat Cumin Cotton 
2012-07-25,9,21,Groundnut Other Cotton 
2011-11-24,22,32,Wheat Cumin 
2012-08-26,147,37,Chilli Castor Mustard Groundnut Brinjal Other Cotton 
2011-12-19,2,27,Brinjal Cotton 
2011-10-20,198,51,Groundnut Other Cumin Cotton 
2012-08-20,8,59,Other Cumin Cotton 
2011-09-28,234,41,Chilli Castor Onion Cumin Groundnut Brinjal Other Cotton 
2011-10-03,34,55,Cumin Brinjal Onion Cotton 
2012-08-06,2,65,Other Castor 
2012-01-18,5,35,Maize Other 
2012-02-22,19,24,Groundnut Other Cumin Cotton 
2012-07-10,11,61,Castor Cotton 
2012-08-02,20,14,Other Brinjal Cotton 
2012-07-17,3,72,Chilli Groundnut Other 
2012-05-02,18,43,Groundnut Castor Cumin Millet Other Cotton 
2011-11-16,76,56,Brinjal Other Cumin Cotton 
2012-06-14,7,88,Other Castor Cotton 
2011-10-12,206,54,Other Cumin Cotton 
2012-05-29,25,33,Groundnut Other Paddy Cotton 
2012-03-18,1,55,Millet 
2011-09-04,556,38,Chilli Castor Sorghum Groundnut Brinjal Other Cotton 
2012-06-23,27,55,Groundnut Millet Other Castor Cotton 
2012-03-09,2,16,Other Brinjal 
2012-08-31,30,54,Other Castor Mustard Cotton 
2012-01-13,32,42,Castor Mustard Onion Cumin Sesame Other Wheat Cotton 
2011-12-24,8,17,Chilli Other Brinjal 
2011-10-29,190,48,Groundnut Chilli Wheat Onion Cumin Other Garlic Cotton 
2012-05-10,22,51,Castor Cumin Millet Other Brinjal Cotton 
2011-11-08,59,52,Other Cumin Cotton 
2011-09-23,180,45,Other Wheat Cotton 
2012-06-06,25,36,Groundnut Wheat Millet Other Castor Cotton 
2011-10-04,109,33,Chilli Castor Cumin Other Brinjal Cotton 
2011-09-12,340,41,Groundnut Chilli Castor Cumin Other Brinjal Wheat Cotton 
2012-01-02,14,45,Maize Wheat Mustard Cumin Other Castor 
2011-12-09,20,42,Other Castor Cumin 
2012-07-26,22,33,Groundnut Chilli Other Cotton 
2011-11-23,64,38,Wheat Cumin Other Brinjal Castor Cotton 
2011-12-16,4,41,Cumin Cotton 
2011-10-21,464,50,Castor Groundnut Other Cumin Cotton 
2012-05-18,4,76,Other Cotton 
2012-08-15,35,40,Other Brinjal Cumin Cotton 
2012-06-30,4,27,Other Cotton 
2012-09-01,15,17,Other Castor Cumin Cotton 
2012-03-02,22,35,Groundnut Other Wheat Cumin 
2012-02-21,25,38,Chilli Castor Mustard Cumin Millet Groundnut Wheat Other 
2012-01-10,1,34,Millet 
2012-07-11,34,51,Other Castor Cotton 
2011-12-01,130,49,Chilli Wheat Cumin Other Castor Cotton 
2012-07-18,26,52,Castor Groundnut Other Brinjal Cotton 
2012-05-03,11,55,Groundnut Other Castor Millet 
2011-11-15,179,36,Wheat Onion Cumin Other Brinjal Cotton 
2012-06-13,38,57,Groundnut Castor Millet Other Sorghum Cotton 
2011-10-13,365,48,Chilli Other Wheat Cumin Cotton 
2012-05-26,12,49,Other Cotton 
2012-03-19,21,47,Other Millet 
2011-09-07,243,39,Chilli Castor Groundnut Brinjal Wheat Other Cotton 
2012-02-29,12,36,Groundnut Other Brinjal Cumin Cotton 
2011-12-14,9,73,Other Cumin Cotton 
2011-11-30,26,76,Other Cumin Cotton 
2012-08-27,93,35,Chilli Castor Mustard Groundnut Gram Other Brinjal Cotton 
2011-12-25,27,52,Other Cumin Cotton 
2011-10-30,136,39,Castor Other Wheat Cumin Cotton 
2012-05-11,5,62,Other Cotton Castor Millet 
2012-08-21,14,29,Chilli Other Cotton 
2011-09-22,154,39,Chilli Other Castor Cumin Cotton 
2012-06-05,15,59,Other Brinjal Cumin Cotton 
2011-10-05,2628,4,Groundnut Chilli Castor Mustard Onion Maize Cumin Millet Sesame Tobacco Gram Other Garlic Brinjal Wheat Paddy Sorghum Cotton 
2011-08-30,415,27,Groundnut Chilli Castor Onion Cumin Other Brinjal Wheat Paddy Cotton 
2012-08-07,1,92,Other 
2011-09-15,209,43,Castor Other Wheat Brinjal Cotton 
2012-01-03,4,12,Other Cumin Cotton 
2011-12-06,22,40,Other Wheat Cumin Cotton 
2012-07-27,4,19,Groundnut Other Cotton 
2011-11-22,98,46,Chilli Wheat Onion Cumin Other Brinjal Castor Cotton 
2011-12-17,14,35,Other Wheat Cumin Cotton 
2011-10-22,239,45,Chilli Wheat Cumin Groundnut Brinjal Other Cotton 
2012-05-19,38,53,Sorghum Millet Other Castor Cotton 
2012-03-20,6,75,Groundnut Other 
2011-09-30,290,42,Chilli Castor Cumin Other Brinjal Cotton 
2012-06-29,10,78,Other Castor Brinjal Cotton 
2012-03-03,45,40,Groundnut Wheat Cumin Sesame Other Castor 
2012-01-16,4,64,Cumin Cotton 
2012-04-25,5,28,Other Cotton 
2012-02-20,23,43,Brinjal Other Cumin Cotton 
2012-08-28,15,45,Other Mustard Cotton 
2012-01-11,7,50,Sesame Cotton Gram Cumin Millet 
2012-07-12,6,66,Groundnut Chilli Other Cotton 
2012-08-14,17,58,Other Cumin Cotton 
2011-12-30,48,64,Castor Mustard Onion Cumin Sesame Other Wheat Cotton 
2012-07-19,24,43,Groundnut Other Brinjal Cotton 
2011-11-14,2673,1,Groundnut Chilli Wheat Mustard Onion Maize Cumin Millet Sesame Tobacco Gram Other Garlic Brinjal Castor Paddy Sorghum Cotton 
2012-06-12,8,70,Other Castor Cotton 
2011-10-14,497,49,Chilli Castor Mustard Cumin Other Brinjal Wheat Cotton 
2012-05-27,8,61,Other Cotton 
2011-09-06,3474,2,Chilli Wheat Mustard Onion Sorghum Cumin Millet Sesame Tobacco Gram Groundnut Garlic Brinjal Castor Paddy Other Cotton 
2012-03-11,4,42,Sesame Other Mustard 
2012-02-28,7,38,Groundnut Other Cumin 
2011-11-29,68,62,Other Wheat Cumin Onion Cotton 
2011-12-22,42,56,Chilli Wheat Onion Cumin Sesame Other Brinjal Castor Cotton 
2011-10-31,219,46,Groundnut Chilli Wheat Onion Cumin Other Garlic Cotton 
2012-05-08,3,61,Other Millet 
2011-11-06,37,52,Other Brinjal Cumin Onion Cotton 
2011-09-17,263,48,Chilli Castor Cumin Other Brinjal Cotton 
2012-06-04,14,49,Other Cumin Cotton 
2011-10-06,205,41,Chilli Castor Cumin Other Brinjal Cotton 
2011-08-31,3424,7,Chilli Mustard Castor Tobacco Onion Sorghum Cumin Millet Sesame Gram Groundnut Garlic Brinjal Wheat Paddy Other Cotton 
2012-08-17,10,43,Other Castor Cotton 
2011-09-14,217,51,Groundnut Chilli Castor Cumin Other Brinjal Cotton 
2012-08-03,33,36,Chilli Cumin Other Brinjal Banana Cotton 
2012-08-23,63,26,Groundnut Other Castor Brinjal Cotton 
2011-12-07,64,51,Other Wheat Cumin Cotton 
2012-07-28,14,21,Other Brinjal 
2011-11-21,236,44,Wheat Mustard Onion Cumin Other Brinjal Cotton 
2012-06-11,24,74,Other Millet Groundnut Castor Cotton 
2011-10-23,106,44,Other Wheat Brinjal Cumin Cotton 
2011-09-25,469,52,Chilli Castor Maize Cumin Other Brinjal Cotton 
2012-06-28,20,81,Chilli Castor Onion Groundnut Brinjal Other Cotton 
2012-08-12,16,45,Chilli Other Cotton 
2012-01-17,25,44,Cumin Cotton 
2012-04-24,6,25,Other 
2012-02-19,2,32,Castor Mustard 
2012-07-13,17,46,Other Chilli Groundnut Castor Cotton 
2012-08-24,29,30,Other Wheat Brinjal Cotton 
2012-07-20,51,35,Chilli Wheat Cumin Groundnut Brinjal Other Cotton 
2012-05-01,7,39,Groundnut Other Cotton 
2011-11-13,59,53,Cotton Other Cumin Brinjal 
2012-06-03,1,82,Other 
2011-10-15,190,46,Other Cumin Cotton 
2012-05-24,1,21,Other 
2011-09-01,615,27,Chilli Castor Groundnut Brinjal Other Cotton 
2012-02-27,1,14,Cumin 
